CREATE TABLE Students(
student_id NUMBER PRIMARY KEY,
first_name VARCHAR2(50) NOT NULL,
last_name  VARCHAR2(50) NOT NULL
);
CREATE TABLE Teachers(
teacher_id NUMBER PRIMARY KEY,
first_name VARCHAR2(50) NOT NULL,
last_name VARCHAR2(50) NOT NULL
);
CREATE TABLE Tasks(
task_id NUMBER PRIMARY KEY,
title VARCHAR2(100) NOT NULL,
description VARCHAR2(200),
status VARCHAR2(20) DEFAULT 'PENDING',
student_id NUMBER,
teacher_id NUMBER,
start_date DATE,
end_date DATE,
FOREIGN KEY(student_id) REFERENCES Students(student_id),
FOREIGN KEY(teacher_id) REFERENCES Teachers(teacher_id)
);
INSERT INTO Students (student_id, first_name, last_name) VALUES (1, 'Zahide', 'Bayramova');
INSERT INTO Students (student_id, first_name, last_name) VALUES (2, 'Esmira', 'Aliyeva');
INSERT INTO Students (student_id, first_name, last_name) VALUES (3, 'Leyla', 'Huseynova');
INSERT INTO Students (student_id, first_name, last_name) VALUES (4, 'Aysel', 'Mammadova');
INSERT INTO Students (student_id, first_name, last_name) VALUES (5, 'Nigar', 'Quliyeva');
INSERT INTO Students (student_id, first_name, last_name) VALUES (6, 'Samir', 'Aliyev');
INSERT INTO Students (student_id, first_name, last_name) VALUES (7, 'Rashad', 'Ismayilov');
INSERT INTO Students (student_id, first_name, last_name) VALUES (8, 'Elvin', 'Huseynli');
INSERT INTO Students (student_id, first_name, last_name) VALUES (9, 'Kamran', 'Mammadov');
INSERT INTO Students (student_id, first_name, last_name) VALUES (10, 'Orkhan', 'Qasimov');
INSERT INTO Students (student_id, first_name, last_name) VALUES (11, 'Aylin', 'Rzayeva');
INSERT INTO Students (student_id, first_name, last_name) VALUES (12, 'Sevinc', 'Quliyeva');
INSERT INTO Students (student_id, first_name, last_name) VALUES (13, 'Vusal', 'Huseynov');
INSERT INTO Students (student_id, first_name, last_name) VALUES (14, 'Tural', 'Mammadli');
INSERT INTO Students (student_id, first_name, last_name) VALUES (15, 'Leyla', 'Abdullayeva');
INSERT INTO Students (student_id, first_name, last_name) VALUES (16, 'Elvin', 'Mustafayev');
INSERT INTO Students (student_id, first_name, last_name) VALUES (17, 'Aysu', 'Suleymanova');
INSERT INTO Students (student_id, first_name, last_name) VALUES (18, 'Nijat', 'Aliyev');
INSERT INTO Students (student_id, first_name, last_name) VALUES (19, 'Fidan', 'Rzayeva');
INSERT INTO Students (student_id, first_name, last_name) VALUES (20, 'Cavid', 'Mammadov');

INSERT INTO Teachers (teacher_id, first_name, last_name) VALUES (1, 'Aytan', 'Mammadova');
INSERT INTO Teachers (teacher_id, first_name, last_name) VALUES (2, 'Rashad', 'Ismayilov');
INSERT INTO Teachers (teacher_id, first_name, last_name) VALUES (3, 'Kamran', 'Aliyev');
INSERT INTO Teachers (teacher_id, first_name, last_name) VALUES (4, 'Leyla', 'Huseynova');
INSERT INTO Teachers (teacher_id, first_name, last_name) VALUES (5, 'Elvin', 'Qasimov');
INSERT INTO tasks (task_id, title, description, status, student_id, teacher_id, start_date, end_date) VALUES (1, 'Process Scheduling', 'Compare Round Robin and Priority scheduling algorithms with examples', 'Completed', 1, 1, DATE '2025-09-01', DATE '2025-09-10');
INSERT INTO tasks (task_id, title, description, status, student_id, teacher_id, start_date, end_date) VALUES (2, 'Deadlock Analysis', 'Explain the four conditions for deadlock and demonstrate with a diagram', 'In Progress', 2, 1, DATE '2025-09-05', DATE '2025-09-15');
INSERT INTO tasks (task_id, title, description, status, student_id, teacher_id, start_date, end_date) VALUES (3, 'Memory Paging', 'Calculate page table entries for a given memory size and page size', 'Pending', 3, 1, DATE '2025-09-08', DATE '2025-09-20');
INSERT INTO tasks (task_id, title, description, status, student_id, teacher_id, start_date, end_date) VALUES (4, 'Semaphore Implementation', 'Solve the producer-consumer problem using semaphores', 'Completed', 4, 1, DATE '2025-09-02', DATE '2025-09-12');
INSERT INTO tasks (task_id, title, description, status, student_id, teacher_id, start_date, end_date) VALUES (5, 'Virtual Memory', 'Explain demand paging and describe how a page fault is handled by the OS', 'In Progress', 5, 1, DATE '2025-09-10', DATE '2025-09-22');
INSERT INTO tasks (task_id, title, description, status, student_id, teacher_id, start_date, end_date) VALUES (6, 'File System Structure', 'Compare FAT32 and NTFS file systems in terms of structure and performance', 'Pending', 6, 1, DATE '2025-09-12', DATE '2025-09-25');
INSERT INTO tasks (task_id, title, description, status, student_id, teacher_id, start_date, end_date) VALUES (7, 'CPU Scheduling Simulation', 'Simulate FCFS and SJF scheduling for a given set of processes and calculate average waiting time', 'Completed', 7, 1, DATE '2025-09-03', DATE '2025-09-14');
INSERT INTO tasks (task_id, title, description, status, student_id, teacher_id, start_date, end_date) VALUES (8, 'Thread vs Process', 'Write a report comparing threads and processes in terms of memory, speed and use cases', 'Pending', 8, 1, DATE '2025-09-15', DATE '2025-09-28');
INSERT INTO tasks (task_id, title, description, status, student_id, teacher_id, start_date, end_date) VALUES (9, 'Banker Algorithm', 'Apply the Banker safety algorithm to determine if a system state is safe', 'In Progress', 9, 1, DATE '2025-09-07', DATE '2025-09-18');
INSERT INTO tasks (task_id, title, description, status, student_id, teacher_id, start_date, end_date) VALUES (10, 'Disk Scheduling', 'Compare SSTF, SCAN and C-SCAN disk scheduling algorithms with a seek time calculation', 'Pending', 10, 1, DATE '2025-09-18', DATE '2025-09-30');
INSERT INTO tasks (task_id, title, description, status, student_id, teacher_id, start_date, end_date) VALUES (11, 'Process Scheduling', 'Compare Round Robin and Priority scheduling algorithms with examples', 'Completed', 11, 1, DATE '2025-09-01', DATE '2025-09-10');
INSERT INTO tasks (task_id, title, description, status, student_id, teacher_id, start_date, end_date) VALUES (12, 'Deadlock Analysis', 'Explain the four conditions for deadlock and demonstrate with a diagram', 'In Progress', 12, 1, DATE '2025-09-05', DATE '2025-09-15');
INSERT INTO tasks (task_id, title, description, status, student_id, teacher_id, start_date, end_date) VALUES (13, 'Memory Paging', 'Calculate page table entries for a given memory size and page size', 'Pending', 13, 1, DATE '2025-09-08', DATE '2025-09-20');
INSERT INTO tasks (task_id, title, description, status, student_id, teacher_id, start_date, end_date) VALUES (14, 'Semaphore Implementation', 'Solve the producer-consumer problem using semaphores', 'Completed', 14, 1, DATE '2025-09-02', DATE '2025-09-12');
INSERT INTO tasks (task_id, title, description, status, student_id, teacher_id, start_date, end_date) VALUES (15, 'Virtual Memory', 'Explain demand paging and describe how a page fault is handled by the OS', 'In Progress', 15, 1, DATE '2025-09-10', DATE '2025-09-22');
INSERT INTO tasks (task_id, title, description, status, student_id, teacher_id, start_date, end_date) VALUES (16, 'File System Structure', 'Compare FAT32 and NTFS file systems in terms of structure and performance', 'Pending', 16, 1, DATE '2025-09-12', DATE '2025-09-25');
INSERT INTO tasks (task_id, title, description, status, student_id, teacher_id, start_date, end_date) VALUES (17, 'CPU Scheduling Simulation', 'Simulate FCFS and SJF scheduling for a given set of processes and calculate average waiting time', 'Completed', 17, 1, DATE '2025-09-03', DATE '2025-09-14');
INSERT INTO tasks (task_id, title, description, status, student_id, teacher_id, start_date, end_date) VALUES (18, 'Thread vs Process', 'Write a report comparing threads and processes in terms of memory, speed and use cases', 'Pending', 18, 1, DATE '2025-09-15', DATE '2025-09-28');
INSERT INTO tasks (task_id, title, description, status, student_id, teacher_id, start_date, end_date) VALUES (19, 'Banker Algorithm', 'Apply the Banker safety algorithm to determine if a system state is safe', 'In Progress', 19, 1, DATE '2025-09-07', DATE '2025-09-18');
INSERT INTO tasks (task_id, title, description, status, student_id, teacher_id, start_date, end_date) VALUES (20, 'Disk Scheduling', 'Compare SSTF, SCAN and C-SCAN disk scheduling algorithms with a seek time calculation', 'Pending', 20, 1, DATE '2025-09-18', DATE '2025-09-30');

INSERT INTO tasks (task_id, title, description, status, student_id, teacher_id, start_date, end_date) VALUES (21, 'SELECT with JOIN', 'Write queries using INNER JOIN and LEFT JOIN on a given student-course schema', 'Completed', 1, 2, DATE '2025-09-01', DATE '2025-09-08');
INSERT INTO tasks (task_id, title, description, status, student_id, teacher_id, start_date, end_date) VALUES (22, 'Aggregate Functions', 'Use GROUP BY with COUNT, SUM, AVG to analyze a sales table', 'In Progress', 2, 2, DATE '2025-09-05', DATE '2025-09-15');
INSERT INTO tasks (task_id, title, description, status, student_id, teacher_id, start_date, end_date) VALUES (23, 'Subquery Practice', 'Write correlated and non-correlated subqueries to filter employee records', 'Pending', 3, 2, DATE '2025-09-09', DATE '2025-09-20');
INSERT INTO tasks (task_id, title, description, status, student_id, teacher_id, start_date, end_date) VALUES (24, 'Database Normalization', 'Normalize a given unnormalized table up to 3NF and explain each step', 'Completed', 4, 2, DATE '2025-09-02', DATE '2025-09-11');
INSERT INTO tasks (task_id, title, description, status, student_id, teacher_id, start_date, end_date) VALUES (25, 'Stored Procedures', 'Create a stored procedure that accepts a department ID and returns total salary', 'In Progress', 5, 2, DATE '2025-09-10', DATE '2025-09-22');
INSERT INTO tasks (task_id, title, description, status, student_id, teacher_id, start_date, end_date) VALUES (26, 'Indexes and Performance', 'Create indexes on a large table and compare query execution plans before and after', 'Pending', 6, 2, DATE '2025-09-13', DATE '2025-09-26');
INSERT INTO tasks (task_id, title, description, status, student_id, teacher_id, start_date, end_date) VALUES (27, 'Transactions and Rollback', 'Write a transaction block that transfers money between accounts and handles errors with rollback', 'Completed', 7, 2, DATE '2025-09-04', DATE '2025-09-13');
INSERT INTO tasks (task_id, title, description, status, student_id, teacher_id, start_date, end_date) VALUES (28, 'Views and Triggers', 'Create a view for monthly sales summary and a trigger that logs every DELETE operation', 'Pending', 8, 2, DATE '2025-09-15', DATE '2025-09-29');
INSERT INTO tasks (task_id, title, description, status, student_id, teacher_id, start_date, end_date) VALUES (29, 'ER Diagram to SQL', 'Convert a given ER diagram of a hospital system into SQL CREATE TABLE statements', 'In Progress', 9, 2, DATE '2025-09-08', DATE '2025-09-19');
INSERT INTO tasks (task_id, title, description, status, student_id, teacher_id, start_date, end_date) VALUES (30, 'Window Functions', 'Use RANK(), ROW_NUMBER() and LAG() to analyze employee salary data', 'Pending', 10, 2, DATE '2025-09-17', DATE '2025-09-30');
INSERT INTO tasks (task_id, title, description, status, student_id, teacher_id, start_date, end_date) VALUES (31, 'SELECT with JOIN', 'Write queries using INNER JOIN and LEFT JOIN on a given student-course schema', 'Completed', 11, 2, DATE '2025-09-01', DATE '2025-09-08');
INSERT INTO tasks (task_id, title, description, status, student_id, teacher_id, start_date, end_date) VALUES (32, 'Aggregate Functions', 'Use GROUP BY with COUNT, SUM, AVG to analyze a sales table', 'In Progress', 12, 2, DATE '2025-09-05', DATE '2025-09-15');
INSERT INTO tasks (task_id, title, description, status, student_id, teacher_id, start_date, end_date) VALUES (33, 'Subquery Practice', 'Write correlated and non-correlated subqueries to filter employee records', 'Pending', 13, 2, DATE '2025-09-09', DATE '2025-09-20');
INSERT INTO tasks (task_id, title, description, status, student_id, teacher_id, start_date, end_date) VALUES (34, 'Database Normalization', 'Normalize a given unnormalized table up to 3NF and explain each step', 'Completed', 14, 2, DATE '2025-09-02', DATE '2025-09-11');
INSERT INTO tasks (task_id, title, description, status, student_id, teacher_id, start_date, end_date) VALUES (35, 'Stored Procedures', 'Create a stored procedure that accepts a department ID and returns total salary', 'In Progress', 15, 2, DATE '2025-09-10', DATE '2025-09-22');
INSERT INTO tasks (task_id, title, description, status, student_id, teacher_id, start_date, end_date) VALUES (36, 'Indexes and Performance', 'Create indexes on a large table and compare query execution plans before and after', 'Pending', 16, 2, DATE '2025-09-13', DATE '2025-09-26');
INSERT INTO tasks (task_id, title, description, status, student_id, teacher_id, start_date, end_date) VALUES (37, 'Transactions and Rollback', 'Write a transaction block that transfers money between accounts and handles errors with rollback', 'Completed', 17, 2, DATE '2025-09-04', DATE '2025-09-13');
INSERT INTO tasks (task_id, title, description, status, student_id, teacher_id, start_date, end_date) VALUES (38, 'Views and Triggers', 'Create a view for monthly sales summary and a trigger that logs every DELETE operation', 'Pending', 18, 2, DATE '2025-09-15', DATE '2025-09-29');
INSERT INTO tasks (task_id, title, description, status, student_id, teacher_id, start_date, end_date) VALUES (39, 'ER Diagram to SQL', 'Convert a given ER diagram of a hospital system into SQL CREATE TABLE statements', 'In Progress', 19, 2, DATE '2025-09-08', DATE '2025-09-19');
INSERT INTO tasks (task_id, title, description, status, student_id, teacher_id, start_date, end_date) VALUES (40, 'Window Functions', 'Use RANK(), ROW_NUMBER() and LAG() to analyze employee salary data', 'Pending', 20, 2, DATE '2025-09-17', DATE '2025-09-30');

INSERT INTO tasks (task_id, title, description, status, student_id, teacher_id, start_date, end_date) VALUES (41, 'OSI Model Layers', 'Describe each layer of the OSI model and give a real-world example for each', 'Completed', 1, 3, DATE '2025-09-01', DATE '2025-09-09');
INSERT INTO tasks (task_id, title, description, status, student_id, teacher_id, start_date, end_date) VALUES (42, 'IP Subnetting', 'Divide the network 192.168.10.0/24 into 6 subnets and calculate broadcast addresses', 'In Progress', 2, 3, DATE '2025-09-06', DATE '2025-09-18');
INSERT INTO tasks (task_id, title, description, status, student_id, teacher_id, start_date, end_date) VALUES (43, 'TCP vs UDP', 'Compare TCP and UDP protocols and explain which scenarios each is suited for', 'Pending', 3, 3, DATE '2025-09-10', DATE '2025-09-22');
INSERT INTO tasks (task_id, title, description, status, student_id, teacher_id, start_date, end_date) VALUES (44, 'DNS Resolution', 'Explain the step-by-step DNS resolution process when a user types a URL in the browser', 'Completed', 4, 3, DATE '2025-09-03', DATE '2025-09-12');
INSERT INTO tasks (task_id, title, description, status, student_id, teacher_id, start_date, end_date) VALUES (45, 'HTTP and HTTPS', 'Explain the difference between HTTP and HTTPS and describe the TLS handshake process', 'In Progress', 5, 3, DATE '2025-09-08', DATE '2025-09-20');
INSERT INTO tasks (task_id, title, description, status, student_id, teacher_id, start_date, end_date) VALUES (46, 'Network Topologies', 'Compare star, mesh and ring topologies in terms of fault tolerance and cost', 'Pending', 6, 3, DATE '2025-09-14', DATE '2025-09-27');
INSERT INTO tasks (task_id, title, description, status, student_id, teacher_id, start_date, end_date) VALUES (47, 'Routing Protocols', 'Explain how RIP and OSPF routing protocols work and compare their convergence speed', 'Completed', 7, 3, DATE '2025-09-04', DATE '2025-09-13');
INSERT INTO tasks (task_id, title, description, status, student_id, teacher_id, start_date, end_date) VALUES (48, 'Firewall Configuration', 'Design firewall rules for a company network that blocks all inbound traffic except HTTP and SSH', 'Pending', 8, 3, DATE '2025-09-16', DATE '2025-09-29');
INSERT INTO tasks (task_id, title, description, status, student_id, teacher_id, start_date, end_date) VALUES (49, 'Network Address Translation', 'Explain how NAT works and demonstrate with an example of a private network accessing the internet', 'In Progress', 9, 3, DATE '2025-09-09', DATE '2025-09-21');
INSERT INTO tasks (task_id, title, description, status, student_id, teacher_id, start_date, end_date) VALUES (50, 'Packet Analysis', 'Use Wireshark to capture packets on a local network and identify TCP handshake steps', 'Pending', 10, 3, DATE '2025-09-18', DATE '2025-10-01');
INSERT INTO tasks (task_id, title, description, status, student_id, teacher_id, start_date, end_date) VALUES (51, 'OSI Model Layers', 'Describe each layer of the OSI model and give a real-world example for each', 'Completed', 11, 3, DATE '2025-09-01', DATE '2025-09-09');
INSERT INTO tasks (task_id, title, description, status, student_id, teacher_id, start_date, end_date) VALUES (52, 'IP Subnetting', 'Divide the network 192.168.10.0/24 into 6 subnets and calculate broadcast addresses', 'In Progress', 12, 3, DATE '2025-09-06', DATE '2025-09-18');
INSERT INTO tasks (task_id, title, description, status, student_id, teacher_id, start_date, end_date) VALUES (53, 'TCP vs UDP', 'Compare TCP and UDP protocols and explain which scenarios each is suited for', 'Pending', 13, 3, DATE '2025-09-10', DATE '2025-09-22');
INSERT INTO tasks (task_id, title, description, status, student_id, teacher_id, start_date, end_date) VALUES (54, 'DNS Resolution', 'Explain the step-by-step DNS resolution process when a user types a URL in the browser', 'Completed', 14, 3, DATE '2025-09-03', DATE '2025-09-12');
INSERT INTO tasks (task_id, title, description, status, student_id, teacher_id, start_date, end_date) VALUES (55, 'HTTP and HTTPS', 'Explain the difference between HTTP and HTTPS and describe the TLS handshake process', 'In Progress', 15, 3, DATE '2025-09-08', DATE '2025-09-20');
INSERT INTO tasks (task_id, title, description, status, student_id, teacher_id, start_date, end_date) VALUES (56, 'Network Topologies', 'Compare star, mesh and ring topologies in terms of fault tolerance and cost', 'Pending', 16, 3, DATE '2025-09-14', DATE '2025-09-27');
INSERT INTO tasks (task_id, title, description, status, student_id, teacher_id, start_date, end_date) VALUES (57, 'Routing Protocols', 'Explain how RIP and OSPF routing protocols work and compare their convergence speed', 'Completed', 17, 3, DATE '2025-09-04', DATE '2025-09-13');
INSERT INTO tasks (task_id, title, description, status, student_id, teacher_id, start_date, end_date) VALUES (58, 'Firewall Configuration', 'Design firewall rules for a company network that blocks all inbound traffic except HTTP and SSH', 'Pending', 18, 3, DATE '2025-09-16', DATE '2025-09-29');
INSERT INTO tasks (task_id, title, description, status, student_id, teacher_id, start_date, end_date) VALUES (59, 'Network Address Translation', 'Explain how NAT works and demonstrate with an example of a private network accessing the internet', 'In Progress', 19, 3, DATE '2025-09-09', DATE '2025-09-21');
INSERT INTO tasks (task_id, title, description, status, student_id, teacher_id, start_date, end_date) VALUES (60, 'Packet Analysis', 'Use Wireshark to capture packets on a local network and identify TCP handshake steps', 'Pending', 20, 3, DATE '2025-09-18', DATE '2025-10-01');

INSERT INTO tasks (task_id, title, description, status, student_id, teacher_id, start_date, end_date) VALUES (61, 'Logic Gates Design', 'Design a full adder circuit using basic logic gates and draw the truth table', 'Completed', 1, 4, DATE '2025-09-01', DATE '2025-09-10');
INSERT INTO tasks (task_id, title, description, status, student_id, teacher_id, start_date, end_date) VALUES (62, 'Binary Arithmetic', 'Perform addition, subtraction and multiplication of given binary numbers and verify in decimal', 'In Progress', 2, 4, DATE '2025-09-05', DATE '2025-09-16');
INSERT INTO tasks (task_id, title, description, status, student_id, teacher_id, start_date, end_date) VALUES (63, 'Cache Memory', 'Explain direct-mapped, fully associative and set-associative cache with hit/miss examples', 'Pending', 3, 4, DATE '2025-09-09', DATE '2025-09-22');
INSERT INTO tasks (task_id, title, description, status, student_id, teacher_id, start_date, end_date) VALUES (64, 'ALU Design', 'Design a 4-bit Arithmetic Logic Unit that supports ADD, AND, OR and NOT operations', 'Completed', 4, 4, DATE '2025-09-02', DATE '2025-09-12');
INSERT INTO tasks (task_id, title, description, status, student_id, teacher_id, start_date, end_date) VALUES (65, 'Pipeline Hazards', 'Identify data, control and structural hazards in a given instruction pipeline and propose solutions', 'In Progress', 5, 4, DATE '2025-09-10', DATE '2025-09-23');
INSERT INTO tasks (task_id, title, description, status, student_id, teacher_id, start_date, end_date) VALUES (66, 'Number Systems Conversion', 'Convert given numbers between binary, octal, decimal and hexadecimal systems', 'Pending', 6, 4, DATE '2025-09-13', DATE '2025-09-25');
INSERT INTO tasks (task_id, title, description, status, student_id, teacher_id, start_date, end_date) VALUES (67, 'Flip-Flop Circuits', 'Explain SR, D, JK and T flip-flops with truth tables and timing diagrams', 'Completed', 7, 4, DATE '2025-09-03', DATE '2025-09-11');
INSERT INTO tasks (task_id, title, description, status, student_id, teacher_id, start_date, end_date) VALUES (68, 'Instruction Set Architecture', 'Compare RISC and CISC architectures and list the advantages of each approach', 'Pending', 8, 4, DATE '2025-09-15', DATE '2025-09-28');
INSERT INTO tasks (task_id, title, description, status, student_id, teacher_id, start_date, end_date) VALUES (69, 'Memory Hierarchy', 'Draw and explain the memory hierarchy from registers to secondary storage with access times', 'In Progress', 9, 4, DATE '2025-09-08', DATE '2025-09-20');
INSERT INTO tasks (task_id, title, description, status, student_id, teacher_id, start_date, end_date) VALUES (70, 'Parallel Processing', 'Explain Flynn taxonomy (SISD, SIMD, MISD, MIMD) and give a real-world example of each', 'Pending', 10, 4, DATE '2025-09-17', DATE '2025-09-30');
INSERT INTO tasks (task_id, title, description, status, student_id, teacher_id, start_date, end_date) VALUES (71, 'Logic Gates Design', 'Design a full adder circuit using basic logic gates and draw the truth table', 'Completed', 11, 4, DATE '2025-09-01', DATE '2025-09-10');
INSERT INTO tasks (task_id, title, description, status, student_id, teacher_id, start_date, end_date) VALUES (72, 'Binary Arithmetic', 'Perform addition, subtraction and multiplication of given binary numbers and verify in decimal', 'In Progress', 12, 4, DATE '2025-09-05', DATE '2025-09-16');
INSERT INTO tasks (task_id, title, description, status, student_id, teacher_id, start_date, end_date) VALUES (73, 'Cache Memory', 'Explain direct-mapped, fully associative and set-associative cache with hit/miss examples', 'Pending', 13, 4, DATE '2025-09-09', DATE '2025-09-22');
INSERT INTO tasks (task_id, title, description, status, student_id, teacher_id, start_date, end_date) VALUES (74, 'ALU Design', 'Design a 4-bit Arithmetic Logic Unit that supports ADD, AND, OR and NOT operations', 'Completed', 14, 4, DATE '2025-09-02', DATE '2025-09-12');
INSERT INTO tasks (task_id, title, description, status, student_id, teacher_id, start_date, end_date) VALUES (75, 'Pipeline Hazards', 'Identify data, control and structural hazards in a given instruction pipeline and propose solutions', 'In Progress', 15, 4, DATE '2025-09-10', DATE '2025-09-23');
INSERT INTO tasks (task_id, title, description, status, student_id, teacher_id, start_date, end_date) VALUES (76, 'Number Systems Conversion', 'Convert given numbers between binary, octal, decimal and hexadecimal systems', 'Pending', 16, 4, DATE '2025-09-13', DATE '2025-09-25');
INSERT INTO tasks (task_id, title, description, status, student_id, teacher_id, start_date, end_date) VALUES (77, 'Flip-Flop Circuits', 'Explain SR, D, JK and T flip-flops with truth tables and timing diagrams', 'Completed', 17, 4, DATE '2025-09-03', DATE '2025-09-11');
INSERT INTO tasks (task_id, title, description, status, student_id, teacher_id, start_date, end_date) VALUES (78, 'Instruction Set Architecture', 'Compare RISC and CISC architectures and list the advantages of each approach', 'Pending', 18, 4, DATE '2025-09-15', DATE '2025-09-28');
INSERT INTO tasks (task_id, title, description, status, student_id, teacher_id, start_date, end_date) VALUES (79, 'Memory Hierarchy', 'Draw and explain the memory hierarchy from registers to secondary storage with access times', 'In Progress', 19, 4, DATE '2025-09-08', DATE '2025-09-20');
INSERT INTO tasks (task_id, title, description, status, student_id, teacher_id, start_date, end_date) VALUES (80, 'Parallel Processing', 'Explain Flynn taxonomy (SISD, SIMD, MISD, MIMD) and give a real-world example of each', 'Pending', 20, 4, DATE '2025-09-17', DATE '2025-09-30');

INSERT INTO tasks (task_id, title, description, status, student_id, teacher_id, start_date, end_date) VALUES (81, 'List Comprehensions', 'Rewrite given for-loops using list comprehensions and explain the performance benefit', 'Completed', 1, 5, DATE '2025-09-01', DATE '2025-09-08');
INSERT INTO tasks (task_id, title, description, status, student_id, teacher_id, start_date, end_date) VALUES (82, 'File Handling', 'Write a program that reads a CSV file, filters rows by a condition and writes results to a new file', 'In Progress', 2, 5, DATE '2025-09-06', DATE '2025-09-17');
INSERT INTO tasks (task_id, title, description, status, student_id, teacher_id, start_date, end_date) VALUES (83, 'OOP in Python', 'Create a class hierarchy for a university system with inheritance and method overriding', 'Pending', 3, 5, DATE '2025-09-10', DATE '2025-09-23');
INSERT INTO tasks (task_id, title, description, status, student_id, teacher_id, start_date, end_date) VALUES (84, 'Exception Handling', 'Write a program that handles FileNotFoundError, ValueError and ZeroDivisionError gracefully', 'Completed', 4, 5, DATE '2025-09-03', DATE '2025-09-11');
INSERT INTO tasks (task_id, title, description, status, student_id, teacher_id, start_date, end_date) VALUES (85, 'Decorators and Generators', 'Write a custom decorator that measures function execution time and a generator for infinite Fibonacci', 'In Progress', 5, 5, DATE '2025-09-08', DATE '2025-09-21');
INSERT INTO tasks (task_id, title, description, status, student_id, teacher_id, start_date, end_date) VALUES (86, 'Data Structures in Python', 'Implement a stack and a queue using Python lists and demonstrate push, pop, enqueue, dequeue', 'Pending', 6, 5, DATE '2025-09-14', DATE '2025-09-26');
INSERT INTO tasks (task_id, title, description, status, student_id, teacher_id, start_date, end_date) VALUES (87, 'API Requests', 'Use the requests library to fetch data from a public API and display results in a formatted table', 'Completed', 7, 5, DATE '2025-09-04', DATE '2025-09-13');
INSERT INTO tasks (task_id, title, description, status, student_id, teacher_id, start_date, end_date) VALUES (88, 'Regular Expressions', 'Write regex patterns to validate email addresses, phone numbers and Azerbaijan postal codes', 'Pending', 8, 5, DATE '2025-09-16', DATE '2025-09-29');
INSERT INTO tasks (task_id, title, description, status, student_id, teacher_id, start_date, end_date) VALUES (89, 'Pandas Data Analysis', 'Load a dataset with Pandas, handle missing values, and plot a bar chart using Matplotlib', 'In Progress', 9, 5, DATE '2025-09-09', DATE '2025-09-22');
INSERT INTO tasks (task_id, title, description, status, student_id, teacher_id, start_date, end_date) VALUES (90, 'Multithreading', 'Write a program that downloads 5 files simultaneously using threading and compares time with sequential download', 'Pending', 10, 5, DATE '2025-09-18', DATE '2025-10-02');
INSERT INTO tasks (task_id, title, description, status, student_id, teacher_id, start_date, end_date) VALUES (91, 'List Comprehensions', 'Rewrite given for-loops using list comprehensions and explain the performance benefit', 'Completed', 11, 5, DATE '2025-09-01', DATE '2025-09-08');
INSERT INTO tasks (task_id, title, description, status, student_id, teacher_id, start_date, end_date) VALUES (92, 'File Handling', 'Write a program that reads a CSV file, filters rows by a condition and writes results to a new file', 'In Progress', 12, 5, DATE '2025-09-06', DATE '2025-09-17');
INSERT INTO tasks (task_id, title, description, status, student_id, teacher_id, start_date, end_date) VALUES (93, 'OOP in Python', 'Create a class hierarchy for a university system with inheritance and method overriding', 'Pending', 13, 5, DATE '2025-09-10', DATE '2025-09-23');
INSERT INTO tasks (task_id, title, description, status, student_id, teacher_id, start_date, end_date) VALUES (94, 'Exception Handling', 'Write a program that handles FileNotFoundError, ValueError and ZeroDivisionError gracefully', 'Completed', 14, 5, DATE '2025-09-03', DATE '2025-09-11');
INSERT INTO tasks (task_id, title, description, status, student_id, teacher_id, start_date, end_date) VALUES (95, 'Decorators and Generators', 'Write a custom decorator that measures function execution time and a generator for infinite Fibonacci', 'In Progress', 15, 5, DATE '2025-09-08', DATE '2025-09-21');
INSERT INTO tasks (task_id, title, description, status, student_id, teacher_id, start_date, end_date) VALUES (96, 'Data Structures in Python', 'Implement a stack and a queue using Python lists and demonstrate push, pop, enqueue, dequeue', 'Pending', 16, 5, DATE '2025-09-14', DATE '2025-09-26');
INSERT INTO tasks (task_id, title, description, status, student_id, teacher_id, start_date, end_date) VALUES (97, 'API Requests', 'Use the requests library to fetch data from a public API and display results in a formatted table', 'Completed', 17, 5, DATE '2025-09-04', DATE '2025-09-13');
INSERT INTO tasks (task_id, title, description, status, student_id, teacher_id, start_date, end_date) VALUES (98, 'Regular Expressions', 'Write regex patterns to validate email addresses, phone numbers and Azerbaijan postal codes', 'Pending', 18, 5, DATE '2025-09-16', DATE '2025-09-29');
INSERT INTO tasks (task_id, title, description, status, student_id, teacher_id, start_date, end_date) VALUES (99, 'Pandas Data Analysis', 'Load a dataset with Pandas, handle missing values, and plot a bar chart using Matplotlib', 'In Progress', 19, 5, DATE '2025-09-09', DATE '2025-09-22');
INSERT INTO tasks (task_id, title, description, status, student_id, teacher_id, start_date, end_date) VALUES (100, 'Multithreading', 'Write a program that downloads 5 files simultaneously using threading and compares time with sequential download', 'Pending', 20, 5, DATE '2025-09-18', DATE '2025-10-02');